src	trg	nij	score
4	0	285307	1.0
14	0	283469	0.9983247010691333
23	0	312144	0.9999966333770809
30	0	15322	0.6775714591618156
31	0	5214	0.6997320076648073
38	0	6618	0.5088738240249588
46	0	27387	0.901795610157972
52	0	406010	0.9999999933596174
61	0	27244	0.9573491930326726
62	0	19283	0.7356349569737712
63	0	149837	0.9999915382155334
69	0	19207	0.7736080076744623
18	1	85697	0.9880185303959054
20	1	487265	0.9999999940177694
21	1	54357	0.9302928328743256
41	1	100549	0.9999999999998993
50	1	266133	1.0
56	1	23227	0.9394189781262476
58	1	171247	0.9999769586144716
59	1	10577	0.5472293624284505
60	1	41947	0.7900926872314229
7	2	92785	0.9944948100917135
15	2	316384	0.9973883468721413
26	2	137904	0.9933327673361612
27	2	196716	0.980573677113474
28	2	258459	0.9992468854221314
29	2	227784	0.9997466323375862
40	2	11276	0.5180887750065624
44	2	436879	0.9999893492075134
45	2	349436	0.9999999999911058
65	2	33759	0.6943723715092873
66	2	264466	0.9997641435599584
70	2	13664	0.7334550725957801
119	2	16322	0.6905029856118557
11	3	203888	0.9999988137498788
16	3	44796	0.9883520653702105
25	3	248598	0.9997873142464337
27	3	246899	0.9931206656277112
28	3	96381	0.9278771593006596
32	3	58180	0.9997391026709449
33	3	17955	0.6402278938453294
35	3	146421	0.9998709102422468
40	3	127965	0.9998016697282793
44	3	263467	0.9988767599164154
47	3	12995	0.5985060159662448
48	3	376251	0.999999811326831
67	3	67289	0.9792563210226057
73	3	73501	0.999941221990674
0	4	232907	0.9999999997794614
14	4	82341	0.8389638506538634
15	4	221226	0.9839548208032329
30	4	54692	0.9832228281895745
52	4	112832	0.9931290269171549
69	4	113973	0.9998866346092157
4	5	14428	0.8288188342005192
6	5	161907	0.9999878899706128
7	5	33112	0.8399524107126998
15	5	824368	0.9999998935449389
30	5	113522	0.999822765422116
31	5	31132	0.9993602488399563
62	5	112775	0.9996535674409808
65	5	321108	0.9999916298910217
69	5	378149	0.9999999999999958
79	5	190309	0.9996078354939748
105	5	6527	0.7098641466433888
139	5	25796	0.5426328580222264
143	5	8544	0.5798186947531985
5	6	174395	0.9997339785494014
7	6	274436	0.9999998921602071
15	6	408524	0.9995597545283181
53	6	34529	0.6734632800985823
65	6	151314	0.9954424972982766
69	6	18561	0.7619410886172783
80	6	68234	0.9825640045995574
81	6	41608	0.9322593753630584
2	7	84470	0.98529764487409
5	7	84605	0.9803750080174791
6	7	403021	0.9999999999999312
8	7	122728	0.9999998661912299
15	7	624523	0.999993807568895
29	7	27626	0.6240874220183876
44	7	38386	0.6205693550216842
45	7	324857	0.999999999937228
64	7	35453	0.7636393167942572
65	7	201777	0.9992788731171078
69	7	10299	0.5481199699458575
70	7	29924	0.9456920534895827
81	7	60650	0.9806061487700999
82	7	11251	0.6445786438771556
139	7	95084	0.9452443406862864
7	8	124631	0.9991216003416152
9	8	22604	0.8779764922280429
29	8	66265	0.9054369331283733
45	8	220022	0.999999806580298
65	8	140168	0.993173299495443
70	8	169789	0.9999999736640196
1	9	8683	0.5860751482095532
8	9	24016	0.9457068085393598
10	9	30743	0.8969798621473499
19	9	13829	0.8492675153842635
29	9	60807	0.8849868678532391
42	9	22801	0.8380103404958154
43	9	315248	0.9999952312700587
49	9	18718	0.6698688676087647
50	9	9348	0.703002112488915
55	9	39020	0.6924787593753585
57	9	30820	0.9241702903932025
59	9	12716	0.6145199807109831
60	9	61548	0.8994188236391716
64	9	134354	0.9961013422882715
65	9	290146	0.9999730445150692
71	9	18911	0.6826707947764183
72	9	90821	0.8530162632953696
83	9	77009	0.9999819750169655
95	9	69816	0.9688266074500866
96	9	20290	0.7471572297806306
116	9	18139	0.7621814596441422
117	9	65642	0.9711539123128479
123	9	58520	0.9676453647147996
134	9	173847	0.9988293950778833
139	9	321763	0.9999579983584572
144	9	14549	0.603102539560419
9	10	8984	0.5649763516326018
19	10	156899	0.9999999999551735
21	10	94165	0.990428345770951
43	10	653800	0.9999999999976126
64	10	438748	0.9999999943934547
84	10	27481	0.8604058293283704
3	11	162841	0.9999289694560878
13	11	244738	0.999999984351075
14	11	78662	0.8251826206384456
16	11	36397	0.9728153253764467
17	11	19488	0.8403899022644169
32	11	5294	0.517378129396271
39	11	121820	0.9999999999977938
40	11	11946	0.5386022865036598
48	11	741438	0.9999999999999909
51	11	340486	0.9999986508409487
52	11	70701	0.9549363615619549
53	11	64496	0.8772877314186407
67	11	209435	0.9999961720522895
13	12	64970	0.9884981611699459
23	12	186163	0.9993721647772305
38	12	227060	0.9999999999990244
46	12	175561	0.9999998343314923
61	12	39868	0.9904225183566742
0	13	15590	0.7488010456838928
11	13	218578	0.9999995811996573
12	13	74661	0.9968678845939053
14	13	46528	0.6425954372054097
38	13	308220	1.0
39	13	185091	1.0
46	13	15197	0.7227571775069339
48	13	115964	0.9898817573191193
51	13	275682	0.9999802088240541
52	13	23747	0.6441948627850578
54	13	8474	0.5384202466330519
61	13	117235	0.9999993734284686
0	14	253435	0.9999999999741307
4	14	90774	0.9999903029698831
11	14	25307	0.8015488000472563
13	14	17537	0.694489015395485
15	14	269993	0.9936531952233986
23	14	62463	0.9119025533284184
38	14	27175	0.9477108742244956
39	14	3989	0.5452442590349784
44	14	40257	0.6381376465805437
46	14	19077	0.8005799551604077
48	14	83630	0.9630254601376572
51	14	1216716	1.0
52	14	1433734	1.0
53	14	825317	0.9999999999998576
61	14	247521	0.999999999999994
63	14	38428	0.9447230469626902
67	14	331399	0.9999999985395914
68	14	122614	0.9986854513363255
69	14	21514	0.8108294393148143
79	14	30626	0.7085810415155622
105	14	5402	0.6405824545017331
126	14	17772	0.535699424961054
0	15	22863	0.8687655204631776
2	15	359213	0.9999999940214624
4	15	176092	0.9999999999352672
5	15	890994	1.0
6	15	555082	1.0
7	15	505359	0.9999999999999745
11	15	15991	0.6392334542061806
14	15	257321	0.9969405627786713
28	15	36815	0.6311157262458869
44	15	154197	0.9804433895502651
45	15	28239	0.8486977413551123
52	15	97984	0.9866293212946682
53	15	1683204	1.0
65	15	182240	0.9985235119158905
67	15	21103	0.6996323636478202
68	15	359405	0.9999999987176724
69	15	184185	0.9999997028641202
79	15	161785	0.9986927244538238
82	15	8069	0.5233653898347912
89	15	156330	0.9367620770534977
139	15	94519	0.9442812187493917
11	16	19655	0.7147147337664095
17	16	205450	0.9999999991311666
22	16	14242	0.6383541077287119
34	16	67216	0.9994672141927651
40	16	16255	0.6513165265329682
47	16	341814	0.9999999999958981
48	16	289972	0.99999234035468
62	16	51348	0.9718814811962572
16	17	205998	0.9999999997208553
23	17	35104	0.7433086416190555
34	17	16658	0.8395797620067552
46	17	311496	0.9999999999997623
47	17	51371	0.973812721761185
48	17	392160	0.9999999057135465
62	17	139690	0.999951739625187
1	18	78573	0.9997313633060628
24	18	91059	0.9666179820110852
56	18	507267	1.0
57	18	282541	0.9999999999953354
58	18	100773	0.99782937910307
72	18	275080	0.9972285249805314
10	19	120614	0.9998950730246359
26	19	138689	0.9935236332765918
55	19	58965	0.8323405747779601
57	19	53495	0.9890440103705623
64	19	101734	0.9846990634582734
1	20	404083	1.0
21	20	152056	0.9994951029834295
22	20	93767	0.9989281895364458
49	20	285117	0.9999999835257471
50	20	126596	0.9999999753171833
58	20	180801	0.9999877758117507
59	20	310037	0.9999999999937155
60	20	937518	1.0
72	20	35176	0.5226933742086345
1	21	37684	0.979242974361812
10	21	115739	0.9998460237583898
20	21	174896	0.9983783969086754
22	21	152539	0.9999876775990237
29	21	23322	0.5619907148970207
41	21	58469	0.9999997206924237
43	21	667261	0.9999999999987026
50	21	277768	1.0
60	21	646082	0.9999999999962571
16	22	20230	0.8633573024229992
20	22	81829	0.9481137874632208
21	22	88058	0.9869945964534457
34	22	194363	0.9999999999003926
42	22	344540	0.9999999999999403
43	22	24631	0.6010403697771436
47	22	44756	0.9579177901489346
49	22	190090	0.9999916070822464
60	22	345965	0.9999985579430568
62	22	50277	0.9696783287247573
0	23	257301	0.9999999999827861
12	23	189326	0.9999998651581049
14	23	63543	0.7551433633887369
17	23	30480	0.9439858474796124
30	23	86405	0.998526618386247
34	23	10087	0.668856284243393
46	23	425307	1.0
47	23	23180	0.8044515648472725
61	23	161010	0.9999999982098704
62	23	434226	0.9999999999999973
63	23	1104482	1.0
9	24	14775	0.7462643456034743
18	24	87816	0.9892889223655867
25	24	366909	0.999996877346165
26	24	134992	0.9925746731282871
36	24	37424	0.7840697293430923
37	24	53056	0.8728925983612763
54	24	421947	1.0
55	24	687801	0.9999999998127208
57	24	53766	0.9892965044913021
66	24	52034	0.7987670111505125
71	24	18163	0.6678719521438146
72	24	939510	0.9999999993787337
3	25	314473	0.999999994953105
24	25	369212	0.9999994267832828
27	25	92465	0.8392209861233035
33	25	54241	0.9554583945562166
35	25	622263	1.0
39	25	4218	0.5654279081255402
40	25	551704	1.0
48	25	21395	0.5666851172979261
54	25	331118	0.9999999999999987
55	25	226691	0.9990824501968814
66	25	812111	0.9999999999988292
72	25	154137	0.9619764405870795
73	25	9719	0.7117792162324771
2	26	83894	0.9848616180296883
19	26	164026	0.9999999999868329
24	26	146291	0.9959377863210485
29	26	579602	0.9999999997541347
55	26	1625540	1.0
57	26	11873	0.627272024588637
64	26	156455	0.998468026870688
65	26	22566	0.5467371287137212
66	26	189770	0.9973701328316765
2	27	176858	0.9998755082389198
3	27	160259	0.9999169029028634
25	27	74736	0.9167580062293341
28	27	49152	0.736423131849226
44	27	1360188	1.0
66	27	1213327	1.0
2	28	282340	0.9999995674544134
3	28	97689	0.9964769605358553
44	28	1258177	0.9999999999999998
67	28	471258	0.9999999999999079
68	28	670167	1.0
2	29	141342	0.999204852864334
7	29	34175	0.8491611054446657
8	29	118257	0.9999997510345746
9	29	49171	0.9901087074941414
10	29	12695	0.6068553065778555
19	29	5334	0.5160380174438799
21	29	33436	0.8044459986484246
26	29	588185	0.9999999998689287
43	29	68397	0.9232353203844933
45	29	449341	0.9999999999999977
55	29	133572	0.9830674988000092
64	29	1139657	1.0
65	29	77956	0.9362117112532352
70	29	500542	1.0
144	29	25636	0.8045370014515125
0	30	22487	0.8642756365431207
4	30	66029	0.9997489156472443
5	30	80831	0.9765560213328389
7	30	14353	0.5466171989988577
14	30	44649	0.6273762112781476
15	30	41561	0.5356644168462921
23	30	90026	0.9702626730775321
31	30	134633	0.9999999999999996
52	30	41354	0.8354569922144832
53	30	22336	0.5146875994044068
62	30	472154	0.9999999999999999
69	30	473718	1.0
79	30	27120	0.6642173462776015
104	30	112045	0.999896942997539
105	30	29503	0.9966236708346712
143	30	26854	0.9358090346129183
4	31	5889	0.5119885650669824
5	31	22875	0.6506174452200373
30	31	77776	0.9971306428589441
62	31	110804	0.9996002102510787
69	31	44606	0.9691116070328194
79	31	28760	0.6857471245219495
105	31	38529	0.9994378904869741
33	32	111044	0.9984123287906119
34	32	20513	0.8953284747654974
40	32	56619	0.975423435777565
47	32	298568	0.999999999849966
73	32	202247	0.9999999999997352
11	33	19257	0.7073407493563905
25	33	38700	0.7223813166518578
32	33	158896	0.9999999999614019
34	33	226270	0.9999999999984716
35	33	379297	0.9999999999803815
37	33	75333	0.9470260471524702
40	33	20158	0.729585170788642
42	33	160145	0.999998364448839
47	33	91707	0.998598154283557
48	33	17800	0.5011359203495453
62	33	13487	0.6051269652431847
72	33	1074646	0.9999999999776562
73	33	118231	0.9999998959570398
3	34	13069	0.5238404577880461
16	34	72789	0.9993387344447224
17	34	11692	0.6663542532575428
22	34	185904	0.9999990856894314
23	34	24080	0.6059781551283923
32	34	26445	0.9748437001169094
33	34	205153	0.999994713528027
42	34	165586	0.9999989839588966
47	34	341502	0.9999999999957888
48	34	20248	0.5467586265049841
62	34	71939	0.9934588358752217
72	34	68941	0.7661654725403663
3	35	85980	0.9929780675508688
25	35	388946	0.9999985986690946
33	35	403769	0.999999999986281
40	35	206287	0.9999991869088494
54	35	26077	0.9087169836788187
72	35	181153	0.9787285908188726
73	35	230681	0.9999999999999976
1	36	15968	0.8034888065189402
9	36	12065	0.673369100325695
37	36	252036	0.9999581447744904
42	36	157966	0.9999980218260831
47	36	10455	0.5198844183983747
49	36	474559	0.9999999999999731
54	36	15525	0.7582554138040625
58	36	290343	0.9999999938709337
59	36	466564	1.0
71	36	696640	1.0
72	36	144625	0.9533742485779902
33	37	57799	0.9637697146349127
36	37	196083	0.9997351511354645
42	37	154997	0.9999974377070874
49	37	15641	0.6036559743311409
58	37	142904	0.9998527017895906
71	37	774295	1.0
72	37	1170536	0.9999999999979877
0	38	13827	0.7061207058786042
12	38	167123	0.9999989227015483
13	38	287137	0.9999999995133179
39	38	69837	0.9999995556815737
46	38	58248	0.9931543162324712
48	38	152211	0.9976666085373134
51	38	133107	0.993987988806128
52	38	17380	0.5302460482786121
61	38	29351	0.9667124188877886
11	39	151249	0.9999537492834809
13	39	285392	0.9999999994372423
38	39	52084	0.9967552171850065
48	39	217701	0.9998415906035274
51	39	18807	0.508452037235006
52	39	17774	0.538245679734184
54	39	9099	0.5640821763334658
3	40	248505	0.9999996498499638
11	40	12784	0.5571000425801068
16	40	40779	0.9825171159512686
25	40	594994	0.9999999993873321
32	40	70476	0.9999575776483995
33	40	24588	0.7538555412628866
35	40	434314	0.9999999999996454
44	40	49801	0.7159405888372875
47	40	183753	0.9999986113741102
48	40	202803	0.9997065760313686
54	40	32682	0.9505660020473372
66	40	143730	0.9886154880123539
72	40	187392	0.9814050540018638
73	40	120998	0.9999999304742146
1	41	85258	0.9998699691736574
21	41	62357	0.95311502335342
50	41	21562	0.9402724154324237
9	42	10990	0.6389978902119928
22	42	310502	0.999999999965017
33	42	131097	0.99952001637718
34	42	168618	0.999999997351555
36	42	151408	0.9981893816904224
37	42	204875	0.9997080241934051
47	42	20445	0.7626948879860852
49	42	419763	0.999999999998553
62	42	27554	0.8511781056360984
71	42	15568	0.6110167791333008
9	43	187295	0.9999999902096516
10	43	772816	1.0
19	43	10142	0.7495111857574733
21	43	789380	1.0
22	43	39521	0.9416359236646031
29	43	105146	0.9767440081764467
50	43	11727	0.782347141345207
56	43	8305	0.6302549238322052
57	43	66013	0.9962864061612627
60	43	501371	0.9999999978469614
64	43	694147	0.9999999999999766
65	43	87392	0.9544486370684071
72	43	77884	0.8065486378237223
83	43	90538	0.9999976109405309
96	43	54673	0.9761631269900259
117	43	13715	0.5197031889945938
123	43	12123	0.5049980103904173
134	43	24720	0.609177785769428
2	44	576265	0.9999999999999847
3	44	342506	0.9999999992008872
7	44	51875	0.943995013376053
15	44	226541	0.9854931230919958
25	44	77863	0.925057857510518
27	44	1866162	1.0
28	44	2029066	1.0
40	44	58021	0.9776075687933153
45	44	25159	0.8138537882461009
48	44	33142	0.7268070692880655
51	44	21283	0.5524610847480895
65	44	100224	0.9712207075260407
66	44	642819	0.9999999994214036
67	44	160865	0.9999228312093471
68	44	505084	0.9999999999998824
2	45	564959	0.9999999999999691
6	45	25745	0.8234437573646658
7	45	448468	0.9999999999986985
8	45	168562	0.9999999998158676
15	45	95394	0.8291657748831196
29	45	739641	0.9999999999997222
55	45	112814	0.967833846000916
64	45	54915	0.8936067242482093
66	45	68761	0.880295781164312
70	45	343077	1.0
139	45	23361	0.5074916175337416
0	46	60451	0.9956423208584891
4	46	7411	0.5948519787786528
5	46	15178	0.5018397367825669
12	46	344621	0.9999999999999938
13	46	28155	0.8520088531496637
14	46	59622	0.7328211513425678
17	46	401680	1.0
23	46	491163	0.9999999986151716
31	46	4224	0.6223506093204978
34	46	13412	0.7704103241978226
38	46	92977	0.9999713416167876
39	46	4266	0.5695445842917493
47	46	40863	0.9444078534198399
48	46	73560	0.9447760260944567
52	46	41909	0.8394200422722113
61	46	110376	0.9999984746014753
62	46	69383	0.9921542478355836
63	46	156250	0.9999949918367228
65	46	30026	0.6513996783910596
3	47	26628	0.7804537164329419
16	47	366917	1.0
17	47	66422	0.9982864015370253
22	47	35402	0.9213073929837441
23	47	29834	0.6848959422389269
32	47	302067	1.0
33	47	71670	0.9838516975000114
34	47	281034	0.9999999999999991
40	47	198091	0.9999985393181826
46	47	51813	0.9880191899881965
48	47	146324	0.9970357421359588
62	47	34332	0.9072312252117476
72	47	102706	0.8858526682137519
73	47	24467	0.9574272015306031
3	48	401457	0.9999999999847734
11	48	576223	1.0
13	48	131321	0.9999030193035312
14	48	90258	0.8650695821996274
16	48	307289	0.999999999999999
17	48	396405	1.0
25	48	23774	0.5442383335876677
32	48	8668	0.697317347749115
38	48	136661	0.9999998568267019
39	48	140376	0.9999999999999797
40	48	213610	0.999999519288578
46	48	81533	0.9991140322713427
47	48	112236	0.9996914350239414
51	48	228289	0.9998638087772628
52	48	40566	0.8296628397120359
54	48	31042	0.9424189495291231
61	48	11199	0.723529047703893
67	48	20200	0.6836950219029716
9	49	28876	0.932305060482586
20	49	283102	0.9999750175561002
22	49	471774	1.0
36	49	583984	0.999999999995901
37	49	27582	0.656492185481892
42	49	498248	1.0
59	49	239630	0.9999999963064677
60	49	630952	0.9999999999926225
62	49	60684	0.9854568290186171
65	49	24505	0.5766169265208769
71	49	98785	0.9977642565339717
72	49	39536	0.5646194351375752
1	50	146490	0.999999862674127
20	50	74166	0.9313130882091828
21	50	283099	0.9999994985994887
41	50	56324	0.9999994670184748
56	50	16924	0.869498774730229
60	50	127260	0.9917114592992684
11	51	331757	0.9999999998976202
13	51	235752	0.999999967839844
14	51	1279584	0.9999999999999803
25	51	49256	0.804698510583906
28	51	27875	0.5296615045649427
38	51	88691	0.9999524756114534
39	51	10286	0.8703374310781256
40	51	22330	0.7653055476850771
44	51	78136	0.8618995536671354
48	51	170346	0.9988864199801515
52	51	108821	0.9917726099088345
53	51	267852	0.9998673626253383
54	51	22277	0.8702606004912401
61	51	60989	0.9992492577685084
67	51	591727	1.0
68	51	13786	0.5178475816610276
0	52	301304	0.999999999999847
4	52	153696	0.9999999983473766
11	52	14235	0.5963365615439213
14	52	1343915	0.9999999999999968
15	52	104417	0.855626878938222
31	52	3309	0.5333742558174066
38	52	22969	0.9169881716375885
39	52	15838	0.9575938303813356
46	52	15602	0.7321199275860337
48	52	62791	0.9152968973756755
51	52	83101	0.9579344840310132
53	52	442427	0.9999997151924882
61	52	52901	0.9979954710366132
63	52	31285	0.9048426121274694
69	52	11160	0.5772501897139977
79	52	24761	0.6306564555218721
105	52	4084	0.538306336687423
126	52	20831	0.5933187035809264
0	53	8406	0.5244010183009001
3	53	26908	0.7839459871526029
5	53	49028	0.8960651914295906
6	53	112001	0.9995574482232356
7	53	55558	0.9544725955261972
11	53	99221	0.9984353659800932
14	53	1163006	0.9999999999995203
15	53	2400628	1.0
30	53	22050	0.8044850456013264
39	53	7782	0.7860956113687322
44	53	27964	0.5060412903610888
45	53	40393	0.9334241530267244
48	53	100076	0.9808444717949948
51	53	338609	0.999998540525517
52	53	509497	0.9999999999648286
54	53	12655	0.6853294680657104
62	53	16446	0.6782195386042461
65	53	179717	0.9983807725403215
67	53	171237	0.9999591254253238
68	53	467449	0.9999999999986166
69	53	67614	0.9950559295895915
79	53	32901	0.7342020582875782
88	53	36205	0.5160638928577856
89	53	97816	0.8211440109500263
126	53	23260	0.633967211947204
127	53	34324	0.6838499915582263
139	53	106660	0.9617109748759607
3	54	20146	0.6819433568999945
24	54	469219	0.9999999912551967
25	54	393370	0.9999988075819191
33	54	15148	0.5776716758137781
35	54	34872	0.8745346844339346
37	54	26177	0.6372049385766113
40	54	80001	0.9948388856778281
47	54	11528	0.554807132135708
48	54	57411	0.8951672830712529
55	54	99136	0.9509846771502811
66	54	57546	0.8303880724088935
71	54	21634	0.731222998922926
72	54	597786	0.9999979957795899
73	54	6741	0.5774657037415964
119	54	13730	0.6268995271151281
2	55	30325	0.7768188970325572
9	55	47076	0.9879218315365822
19	55	59185	0.9997646156314568
24	55	987207	1.0
25	55	275934	0.9999188460804016
26	55	2374926	1.0
29	55	164466	0.9973386495719557
32	55	8269	0.6801189311516731
34	55	22201	0.913213423025305
36	55	20030	0.5587605776460666
37	55	31259	0.7022833186178465
42	55	24180	0.8550089459556229
43	55	49598	0.8438062255778589
45	55	109474	0.9994312117984117
46	55	10753	0.5960506333466199
47	55	64639	0.9899355589371885
48	55	20219	0.5462431989533434
54	55	92186	0.999827647737638
57	55	202446	0.9999999860164791
64	55	125026	0.9942281389078352
65	55	39372	0.7492823781159114
66	55	758261	0.9999999999913146
71	55	27078	0.8072695360259778
72	55	227306	0.9921572715104418
100	55	32892	0.6979570857460888
103	55	31289	0.6775767899661234
114	55	56289	0.9073607817749979
116	55	9222	0.5172858249154606
119	55	15217	0.6648238860658293
129	55	72091	0.8753183735834713
139	55	25893	0.5439799365513035
144	55	39917	0.9219227547348467
1	56	7468	0.5315203480503738
18	56	486261	0.999999999999544
57	56	105495	0.9998855181677624
58	56	23565	0.7528865998501509
72	56	135199	0.9429476323422856
18	57	249103	0.9999986090010059
19	57	109943	0.9999998983631576
24	57	65720	0.9132504360362413
43	57	98675	0.9757397883854966
55	57	369372	0.9999906667590337
56	57	91843	0.9999898156146051
58	57	14669	0.580077986193887
64	57	135403	0.9962698851280775
72	57	161895	0.9678101611376202
1	58	253406	0.9999999999996788
18	58	168741	0.999866329875803
20	58	169220	0.9979903443364664
36	58	284424	0.9999945609571311
37	58	121679	0.9915749690571789
56	58	59204	0.9993117655879512
57	58	48306	0.9828938748261595
59	58	186321	0.9999996300760049
72	58	195175	0.9842795995586757
1	59	40661	0.9847967812704922
9	59	18872	0.8269370292484008
20	59	582530	0.999999999902796
22	59	27983	0.8654147525199255
36	59	742931	0.9999999999999988
37	59	25257	0.6239969073929144
49	59	328815	0.9999999991488724
56	59	10741	0.7242773652938973
58	59	161249	0.9999554780810245
60	59	191343	0.9993055349110701
71	59	38141	0.9021964451072827
72	59	135613	0.9434507717995636
1	60	40983	0.9853009852360164
9	60	133326	0.9999974503855716
20	60	1139304	1.0
21	60	1035126	1.0
22	60	450538	0.9999999999999999
43	60	418993	0.9999999342925845
49	60	313814	0.9999999976294981
50	60	214928	0.9999999999999757
59	60	127218	0.9999501268759714
65	60	36103	0.7186220989116753
0	61	32419	0.944340488897009
12	61	43251	0.9621686711736448
13	61	146102	0.9999675784140809
14	61	164054	0.9743371907083676
23	61	162360	0.9983512275341128
46	61	43093	0.9745153447004289
51	61	76588	0.9459215817097857
63	61	36107	0.934036264811255
0	62	85018	0.9995505955131653
3	62	19453	0.6691062351187205
4	62	15652	0.8527940509208739
5	62	90736	0.985305913570787
6	62	11931	0.5509845397716073
7	62	24511	0.7417461127315217
16	62	87410	0.9998562499686947
17	62	133638	0.9999980849437705
22	62	61035	0.9878761466794704
23	62	640830	0.9999999999985794
30	62	592363	1.0
31	62	192023	1.0
34	62	85749	0.9999381086552983
42	62	31160	0.91738707715552
46	62	106092	0.9999008853203964
47	62	39083	0.9368722896574355
48	62	24493	0.6162629803189557
49	62	32387	0.8538623178714392
60	62	19083	0.5073473251987572
63	62	154096	0.9999940256508939
65	62	25856	0.5962711666094906
69	62	119359	0.9999274329032217
97	62	24746	0.5408733996388317
104	62	17599	0.7537131826910968
136	62	13338	0.5578031120040624
0	63	149074	0.9999989976095573
14	63	31417	0.5003688078064162
23	63	1373357	1.0
31	63	5534	0.7212055977221128
46	63	131425	0.9999900332017443
52	63	78968	0.9687804554730346
61	63	79136	0.9999198037828047
62	63	72110	0.9935379916596363
7	64	39838	0.8900467875449671
8	64	40298	0.9928165516803813
9	64	43615	0.9832101654231908
10	64	526906	1.0
19	64	213892	0.9999999999999983
21	64	19549	0.6139014408383736
26	64	153063	0.9961990850800564
29	64	986811	1.0
43	64	639000	0.9999999999953467
45	64	60945	0.9835752497105497
55	64	142558	0.987185962993812
57	64	141766	0.999995735981771
65	64	69821	0.9147795828206566
70	64	34789	0.9663864188887776
71	64	12510	0.5315100187034287
72	64	88653	0.8460859904122063
0	65	16403	0.7663509176644888
2	65	197133	0.9999573020816895
4	65	41565	0.9942230543383187
5	65	392831	0.9999999958724332
6	65	285555	0.9999999989794051
7	65	281446	0.9999999303604749
8	65	143618	0.9999999930050266
9	65	273142	0.999999999999122
10	65	18053	0.7354393638224468
15	65	596299	0.9999891097034034
19	65	8712	0.6951762563802389
26	65	20839	0.5255829527037348
29	65	144228	0.9944031948049743
31	65	19224	0.9888019033781328
43	65	57372	0.8835118167274824
44	65	231469	0.997390989968811
45	65	64174	0.9868346887340322
53	65	173740	0.9967374681661748
57	65	13384	0.6714620278263361
64	65	99705	0.9833482085755596
66	65	23512	0.5142790896524867
68	65	142221	0.9995591280161049
69	65	97345	0.999555078225031
70	65	151038	0.9999997965089145
71	65	13768	0.5660032674479359
72	65	36038	0.5312887335251344
79	65	137942	0.9964516205624285
80	65	119097	0.9992130971505642
82	65	7702	0.5069797825350467
105	65	6320	0.6981962078170187
139	65	1068577	0.9999999999999999
142	65	17673	0.6790931030833347
2	66	147506	0.9994226051504036
3	66	110082	0.9983088124057842
16	66	7941	0.5403851405687112
24	66	66838	0.9168175473884057
25	66	1215576	1.0
26	66	190075	0.9990453984050365
27	66	1557790	1.0
34	66	7095	0.5399655293282539
40	66	170377	0.9999896067063327
44	66	693882	0.9999999920826506
47	66	27122	0.8521217138059948
48	66	40114	0.792385435009653
54	66	22365	0.8713112084232973
55	66	643884	0.9999999991243205
65	66	59790	0.878291974886546
76	66	34557	0.8843683918587776
100	66	21730	0.5460539531285332
103	66	21802	0.5451224800244927
119	66	79292	0.9969455692762689
144	66	26130	0.8106252717427531
3	67	119597	0.9990399520152833
11	67	239470	0.999999906117652
14	67	666179	0.9999998187527801
28	67	513311	0.999999607919408
39	67	8824	0.8262747334433207
44	67	171745	0.9875909809056584
48	67	45648	0.833095319947972
51	67	546249	0.9999999998205124
53	67	102957	0.9654104543471557
68	67	107308	0.9969348477669602
3	68	22367	0.7198460271097962
6	68	23472	0.7940364164027022
7	68	24803	0.7458998317005253
11	68	17904	0.6808298955198527
14	68	366717	0.9997580915678611
15	68	332191	0.9980726606984444
28	68	1200177	1.0
44	68	543251	0.9999994350650472
45	68	56239	0.9773415503838173
48	68	28528	0.6724820495873269
51	68	20151	0.5328480390242382
53	68	417009	0.999999291338271
65	68	93868	0.9638641919214936
67	68	139305	0.9997137468439444
0	69	18119	0.799497229399379
4	69	131306	0.9999999611571242
5	69	520124	0.999999999995834
6	69	41312	0.9388406302812394
7	69	14001	0.5377089295594792
15	69	228267	0.9859604542213589
30	69	406671	0.9999999999999986
31	69	95423	0.9999999999623159
62	69	84606	0.9973532264972703
65	69	58241	0.8714163493918492
104	69	9351	0.5241864367522489
105	69	5429	0.6424233542071915
143	69	8913	0.5953177378231171
7	70	14417	0.5482184872518271
8	70	203731	0.9999999999991297
29	70	483111	0.9999999874005049
45	70	208832	0.999999556392861
64	70	44826	0.8389836556293898
1	71	17100	0.8250404458525534
9	71	15245	0.7571486542578448
36	71	912606	1.0
37	71	1084655	1.0
42	71	10766	0.5753405300695966
43	71	28643	0.6567011559555089
49	71	72400	0.9869191227366132
54	71	19096	0.8259923303703518
58	71	20698	0.7067395986587584
59	71	16970	0.720264946539754
60	71	41128	0.7835587395102827
72	71	231428	0.9928283618456013
1	72	32670	0.964993073557298
3	72	17144	0.6225081568045594
9	72	90715	0.9998223670301775
10	72	39827	0.9477823013692893
16	72	9528	0.6067571060856984
17	72	21250	0.8649730025514571
18	72	769842	1.0
19	72	10429	0.7591996991714283
22	72	18615	0.7357598467273956
24	72	1232581	1.0
25	72	157825	0.9950359215145551
29	72	20621	0.5179261946358424
32	72	20465	0.9415900836378198
33	72	1156717	1.0
34	72	82927	0.9999139136478923
35	72	200101	0.9999958990669873
36	72	197642	0.9997524602982252
37	72	1595609	1.0
40	72	149047	0.9999538351383046
42	72	53001	0.9859997027265853
43	72	163678	0.9980209239524
46	72	31724	0.9322458898105579
47	72	184816	0.9999987205697874
48	72	54009	0.8800561562350351
49	72	74867	0.9887431920314838
50	72	10162	0.7329438251447196
54	72	329753	0.9999999999999984
55	72	198594	0.9977744611806242
56	72	244910	0.9999999999999972
57	72	379878	0.9999999999999999
58	72	442429	0.9999999999999497
59	72	156139	0.9999953563608409
62	72	18235	0.7157183498149065
64	72	87465	0.972289733025555
65	72	29194	0.6410327803275429
66	72	30076	0.60323333242093
70	72	7977	0.5371228189023606
71	72	428494	0.9999999999996436
73	72	142427	0.9999999970743301
76	72	12469	0.5390838309077828
119	72	21920	0.7934689894883711
144	72	12646	0.551954863667383
3	73	48438	0.9373979569006606
32	73	216631	0.9999999999999982
33	73	126926	0.9993838943877542
35	73	266633	0.9999999501759415
40	73	116439	0.999562842546863
72	73	132228	0.9392041479601487
78	74	268042	0.9999999998302503
79	74	36802	0.7730347463216718
88	74	103014	0.8744910326895349
97	74	430973	0.9999993518676581
104	74	76687	0.9980012923400435
126	74	212445	0.9999230340142435
137	74	98233	0.9993286956876004
143	74	18146	0.8425736588921505
92	75	132904	0.9999864503290105
93	75	4085	0.5565808791421059
94	75	341600	0.999999994334376
110	75	218915	0.9999649326014001
117	75	13121	0.5041632453239258
124	75	55244	0.999464935513806
130	75	23936	0.994866297966862
131	75	108928	0.9999876048507873
132	75	152346	0.9999998361262575
133	75	75677	0.9979823202355173
134	75	22085	0.5678771830991828
89	76	213759	0.9773751249621137
100	76	124031	0.9896267501439631
101	76	176302	0.9992824969095426
102	76	239373	0.9994756231807076
103	76	69309	0.9195168783228926
118	76	350366	0.9999646371419327
119	76	277861	0.9999999995077713
139	76	38664	0.690902687364243
140	76	85229	0.9332121571046881
85	77	170070	0.9999913341633698
90	77	56836	0.9906640469237719
91	77	15560	0.6489485541371973
99	77	368899	0.9999975335685772
101	77	111492	0.9892480982375965
102	77	188164	0.997264693419152
106	77	46043	0.8615640970112891
107	77	34886	0.8048917033280495
114	77	211484	0.9998942226077892
118	77	278621	0.9996933720905079
121	77	31119	0.7870657794875076
122	77	304552	0.9999991885965076
127	77	48746	0.8056830933140492
140	77	107793	0.9676736900365263
141	77	97753	0.9869390793929597
147	77	24198	0.9083251951464625
74	78	248444	0.9999999999985468
79	78	50554	0.8701220279487336
88	78	116144	0.9038833429573939
89	78	399390	0.9992252139061456
104	78	20472	0.8043442190792602
126	78	433188	0.9999999980962538
137	78	20109	0.7682469276398934
143	78	22987	0.9043169817953065
0	79	13813	0.7057544747422728
4	79	22227	0.9347542438998852
5	79	322010	0.9999998345918556
15	79	171781	0.9591636599412332
30	79	84961	0.9983523588388983
31	79	36846	0.9998416423777258
52	79	27750	0.7013045850018805
65	79	183415	0.9985856520207025
69	79	34203	0.9298900049654713
74	79	81908	0.9997705004752271
78	79	221835	0.9999999891030669
80	79	402194	0.9999999999937743
81	79	27011	0.8247110809394145
82	79	19978	0.8416381619152149
83	79	7096	0.6201120360663746
89	79	1456737	0.9999999999993618
96	79	10922	0.5221497463069753
97	79	52998	0.8122623654469053
104	79	59026	0.9914199186612953
105	79	120074	0.9999999999851374
119	79	9711	0.5017242543243633
136	79	250561	0.9999999096126538
137	79	37755	0.936644256752731
139	79	440680	0.9999991599081288
143	79	445855	1.0
144	79	18782	0.6970189680516097
6	80	139064	0.9999363234726393
65	80	75867	0.931282050650228
79	80	318297	0.9999984504281332
81	80	460977	0.999999999999997
89	80	738909	0.9999986956144955
119	80	28422	0.8710827686333844
139	80	160941	0.9929307724205831
144	80	12103	0.5361958417647046
6	81	28128	0.8498067105819771
7	81	51408	0.9425060242615327
80	81	441467	0.9999999999996217
82	81	111054	0.9999754006096895
89	81	451645	0.9997046669279823
119	81	387793	0.999999999999962
139	81	133235	0.9832139006093381
144	81	52866	0.9662025179863174
8	82	17927	0.8854733545875351
81	82	81792	0.9952308982996905
83	82	58282	0.9997194852766168
103	82	52271	0.8498438946469038
119	82	130016	0.9999339176132243
139	82	287488	0.9998728140573462
144	82	332270	0.999999999873823
9	83	104794	0.9999556803792273
43	83	207874	0.9996493349148938
82	83	69162	0.9984982436376637
96	83	48804	0.9642272776226052
103	83	90126	0.9625760820691385
117	83	235841	0.9999981264302433
138	83	33129	0.890025818682436
139	83	241734	0.9994491852884336
144	83	26009	0.8091516558633467
10	84	32752	0.9113264022605142
93	84	54642	0.9999883790773707
95	84	40307	0.863440172088977
103	84	27979	0.6364055338281216
115	84	10813	0.9884753551275335
117	84	597273	0.9999999999999998
138	84	296307	0.999999999337794
77	85	131652	0.9998654367188142
87	85	91691	0.9976639024279902
90	85	18630	0.7794331793428215
91	85	59422	0.9825626160530797
108	85	70996	0.9914233789600758
113	85	150101	0.9999999999999776
121	85	15042	0.5254951208081365
122	85	619792	0.9999999999999394
125	85	53233	0.8934608664177249
127	85	47750	0.7990292254101454
141	85	296272	0.9999988087039418
87	86	67754	0.9883028933685032
97	86	103625	0.9627582955160948
112	86	220061	0.9999999999997068
120	86	187318	0.9999999974355269
135	86	80235	0.9999937797081698
85	87	139995	0.9999260509962077
86	87	58424	0.9995534446888908
88	87	54084	0.6623200931579528
91	87	16364	0.6675175267533207
107	87	17806	0.5646699937020381
108	87	34976	0.9020301277047459
112	87	341944	1.0
113	87	242370	1.0
114	87	20905	0.5847467207834238
121	87	28028	0.7515093597649328
122	87	260533	0.999993187325035
125	87	409313	0.9999999885131861
126	87	78745	0.9677212389546889
127	87	88448	0.9495664852136723
135	87	182631	0.9999999999997787
141	87	19868	0.580883042087204
53	88	23486	0.5324678570577661
74	88	43040	0.986922096758102
78	88	120245	0.999933695252608
80	88	14996	0.5850947804793375
87	88	44528	0.9452682845061267
89	88	177533	0.9566943810073226
97	88	96199	0.9527275469085738
102	88	57440	0.8304027252730399
114	88	24069	0.6366406105017278
118	88	57629	0.8052224150990661
125	88	1098478	1.0
126	88	1449486	1.0
127	88	992163	1.0
135	88	167903	0.9999999999969783
139	88	90727	0.9373672850026585
141	88	640142	0.9999999999999811
142	88	206725	0.9999991165335277
5	89	65900	0.9527339636847583
15	89	93808	0.8240404406727436
65	89	86277	0.9525976878185345
74	89	14396	0.7618323603983936
76	89	279770	0.9999999909329015
77	89	17999	0.6931700964214678
78	89	382653	0.999999999999997
79	89	1085510	1.0
80	89	755996	1.0
81	89	515528	1.0
82	89	10660	0.6246498263408528
83	89	10308	0.7554767849661572
85	89	31541	0.8749816127754747
87	89	23471	0.7819111192044667
88	89	277795	0.9965546403839144
102	89	128517	0.981733527040723
104	89	23248	0.8434126768552511
113	89	8413	0.787393242341496
114	89	18888	0.547890470482194
118	89	81562	0.9018102599067646
119	89	169730	0.999996950268124
121	89	30268	0.7778138844278637
122	89	19023	0.5644118629380905
125	89	18996	0.548289416272312
126	89	60497	0.927910842332412
127	89	1602509	1.0
139	89	298967	0.9999121574515563
141	89	66068	0.9458198395752719
142	89	443761	0.9999999999999866
143	89	92689	0.9999415153720953
144	89	12943	0.5603483179218884
77	90	112326	0.9994813102289744
85	90	188097	0.9999976463130976
86	90	9173	0.6905114954557383
87	90	21346	0.7494755672997846
91	90	372208	0.9999999999993324
96	90	38384	0.9266665444871175
97	90	52723	0.8106155598962971
108	90	163795	0.9999869560495624
112	90	45983	0.9958255397577288
113	90	11113	0.8712321569405466
114	90	124877	0.9951715336213232
118	90	26286	0.5247127325337136
120	90	39580	0.9802165219556284
121	90	404762	0.9999999995945754
122	90	339653	0.9999998551779116
125	90	19222	0.5525530810602177
127	90	30513	0.6405598863761117
135	90	15973	0.8995382383782873
136	90	11662	0.5099233025757419
137	90	18613	0.7414677806472841
141	90	21257	0.6056937756000101
85	91	138496	0.9999177916390758
86	91	11088	0.7581430350786456
90	91	371698	0.9999999999999991
96	91	81549	0.9963418609337781
97	91	189531	0.9977133106763089
108	91	112211	0.9995002753026926
112	91	20125	0.90622620715514
113	91	6440	0.69373219058014
116	91	12350	0.623278025855744
120	91	411044	1.0
121	91	32656	0.8028170148638571
122	91	632202	0.9999999999999697
136	91	28156	0.8224256330993921
137	91	22073	0.7992671585013014
75	92	84739	0.9998524523768173
98	92	94514	0.9304297888498726
124	92	9337	0.7114647973262807
129	92	35758	0.6425824222239103
130	92	227390	1.0
131	92	286025	0.9999999999999879
132	92	238336	0.9999999999921261
146	92	432999	0.9998559020978293
75	93	8228	0.5631669755825612
84	93	51186	0.9752408828046405
100	93	91623	0.9652806520873826
129	93	100400	0.9454172830699072
130	93	5306	0.68294159184906
131	93	178603	0.9999999947863004
132	93	14404	0.74926214571908
138	93	98571	0.9987386222851974
75	94	284700	0.9999999999999937
92	94	18017	0.7688103858381632
93	94	4686	0.6067670472713189
95	94	52163	0.9244136084685836
96	94	94928	0.9985746429115896
110	94	32869	0.774163464563689
115	94	2387	0.6212431326909054
123	94	198572	0.9999940929453243
124	94	96421	0.9999985535555793
130	94	8987	0.8580265312746053
131	94	48835	0.9928821167365226
132	94	16921	0.8034668407543476
133	94	357697	0.9999999999999932
134	94	873619	1.0
138	94	11129	0.5217427815790768
83	95	6077	0.5632662433762001
84	95	26635	0.8515978386778182
94	95	30885	0.7993943451736643
96	95	94250	0.9985046794680407
115	95	54922	0.9999999999803181
117	95	609563	0.9999999999999999
124	95	256650	1.0
134	95	896832	1.0
83	96	80125	0.9999886504401988
90	96	42583	0.9693197805015382
91	96	90896	0.9980733925065675
94	96	89547	0.99102929284836
95	96	58114	0.9438869721824974
97	96	120996	0.9787178908020716
104	96	9365	0.5247167008097297
105	96	14497	0.9370102666826748
108	96	155450	0.9999763129015291
116	96	308547	0.9999999999975482
117	96	101908	0.9960912945303805
120	96	9907	0.6210078484724979
121	96	15103	0.5269313764211147
123	96	218951	0.9999983944670207
134	96	298312	0.9999924890304587
136	96	54809	0.9661261524089815
23	97	23219	0.5925906351347532
30	97	11365	0.5676782461413848
62	97	19141	0.7330197143361141
74	97	338681	1.0
78	97	9876	0.5343459830443195
79	97	24455	0.6260658811426216
86	97	93720	0.9999968771188392
88	97	155714	0.9571253563105905
90	97	45471	0.9758683912543408
91	97	157725	0.9999844517531205
96	97	180423	0.9999970453237685
104	97	79314	0.9983928908173257
105	97	24578	0.9911132436920259
108	97	82629	0.9961317271088389
116	97	43710	0.9693980542866939
120	97	367351	1.0
121	97	37676	0.8466339301277939
125	97	85167	0.9727036793068602
126	97	56119	0.9126466983390873
135	97	147756	0.9999999999008166
136	97	778994	1.0
137	97	1349416	1.0
143	97	7963	0.5542134218182372
92	98	60385	0.9930868924129408
99	98	319691	0.999985102793776
107	98	26754	0.7139263499773898
109	98	58953	0.964272963168891
128	98	286288	0.9999999999628877
129	98	912035	0.9999999999997241
146	98	1157151	0.9999999999861503
77	99	216218	0.9999996930583201
98	99	388300	0.9999887254454445
100	99	39657	0.7641786027586588
101	99	71218	0.9437304678635183
109	99	545043	0.9999999999999997
114	99	503335	0.9999999998808147
128	99	265286	0.9999999997133454
129	99	173240	0.993628997898427
139	99	47710	0.7654751407498874
140	99	1031010	0.9999999999999999
144	99	21030	0.7375484678516563
146	99	115954	0.9012106251893764
76	100	177621	0.9999895175677148
93	100	103114	0.9999999998185486
99	100	27905	0.6066946058292264
103	100	807584	0.9999999999999932
118	100	112887	0.9601402755390941
119	100	11202	0.5524027095534785
129	100	1719105	1.0
138	100	73051	0.9926701762203293
140	100	527690	0.9999999794392409
144	100	92647	0.9975000338200773
76	101	161420	0.9999689407109392
77	101	100863	0.9988532020708212
99	101	67162	0.8953782598463357
102	101	29725	0.5996023057943247
118	101	1211981	1.0
140	101	971996	0.9999999999999991
76	102	225999	0.9999996115682751
77	102	196144	0.999998663385937
88	102	55129	0.6693580708213174
89	102	100440	0.8292636792585208
101	102	27889	0.6735636843650481
118	102	1374684	1.0
139	102	39522	0.6988851191355776
141	102	593804	0.9999999999997514
142	102	714190	1.0
76	103	56670	0.9714397195153847
82	103	66548	0.9980677246734881
83	103	82923	0.9999925190846549
84	103	28092	0.8664432646709315
93	103	4303	0.5754792912388679
100	103	823031	0.9999999999999972
117	103	81067	0.9876287560625392
119	103	386099	0.9999999999999558
129	103	181348	0.9949940586159667
138	103	618239	1.0
144	103	901995	1.0
30	104	123065	0.9999166027794384
74	104	80597	0.9997364352378474
79	104	23505	0.6114500817961056
97	104	57373	0.8366287482540342
105	104	129333	0.999999999998252
136	104	563637	1.0
143	104	356859	1.0
31	105	11949	0.9375743875028331
79	105	58125	0.9045758697145316
104	105	129409	0.9999765465734218
136	105	128783	0.9996942648796033
139	105	50016	0.7814326049111748
143	105	13820	0.7547644221347232
77	106	75869	0.9936430140359418
90	106	13313	0.6597797380097961
107	106	91687	0.9869338800663325
108	106	49054	0.9619831814021758
114	106	203188	0.9998467824753565
121	106	252057	0.9999978741734756
147	106	223578	0.9999999999782834
77	107	44263	0.9463832409121604
85	107	27023	0.8312384492746135
98	107	29600	0.5629774043839084
106	107	142708	0.998332192701202
108	107	218652	0.9999997586750098
109	107	364403	0.9999999998347476
113	107	6527	0.6986147735543893
114	107	82656	0.970025123514467
116	107	100238	0.9997056005856113
121	107	311486	0.9999999191923588
146	107	925905	0.9999999970430713
147	107	330142	1.0
77	108	18074	0.6946841309861784
85	108	94053	0.998178463895492
87	108	14407	0.606440347901325
90	108	157197	0.9999985035995369
91	108	115616	0.9996684384470927
96	108	142387	0.9999522371793105
97	108	31216	0.6257018215114483
106	108	53170	0.8987731655516125
107	108	177992	0.9998066981335453
113	108	9589	0.8290594684697112
116	108	234928	0.9999999976510537
121	108	440198	0.9999999999486587
98	109	94871	0.9311352783893306
99	109	435341	0.9999997910457172
107	109	295985	0.999999511329683
114	109	362214	0.9999998941767763
146	109	289676	0.9971357519636187
147	109	89819	0.9998954836723029
75	110	204296	0.999999999832203
94	110	32614	0.8167562986944898
111	110	136709	0.9936599467888548
116	110	237945	0.9999999982153119
123	110	528357	0.9999999999999993
132	110	68354	0.9988050655741042
133	110	555072	1.0
145	110	784307	1.0
9	111	8583	0.5484636145024226
110	111	154340	0.9992108006507432
114	111	58583	0.9159929550392565
116	111	105474	0.9998100471453035
121	111	24320	0.701006407972588
129	111	24785	0.5094998247752995
130	111	3358	0.5159985360609167
132	111	34848	0.9658841904048414
144	111	12120	0.536697463407338
145	111	860596	1.0
146	111	1581267	0.9999999999999996
85	112	13777	0.5950018694494554
86	112	214556	0.9999999999999843
87	112	379994	0.9999999999986424
91	112	35363	0.9086255617475276
113	112	17862	0.9635917836330197
120	112	32460	0.9595597130949233
122	112	142984	0.9983173419824147
125	112	28575	0.6979857672165489
135	112	26794	0.9793227903819605
85	113	102691	0.9989963511992304
87	113	254696	0.9999999779155058
112	113	9186	0.6585365776784526
122	113	81034	0.972109444153042
2	114	21448	0.6532037834241408
29	114	42342	0.777405500626616
45	114	26823	0.8335655935529895
55	114	51706	0.7908576594397023
65	114	31644	0.6707164722413164
70	114	13050	0.7170578999643358
77	114	222631	0.9999998088723473
90	114	60257	0.9929958616704456
92	114	8556	0.5001443490930988
96	114	10903	0.521533859609701
99	114	562348	0.9999999983691839
100	114	20074	0.5178179978826855
103	114	38760	0.7542683228040818
106	114	290997	0.9999991848031413
107	114	221664	0.9999782126384221
108	114	12867	0.572547249800306
109	114	587142	1.0
111	114	70406	0.9244675691244266
116	114	19152	0.7806088684149742
118	114	72344	0.8721177417947231
119	114	33163	0.9086648076483068
121	114	441766	0.9999999999531789
122	114	84500	0.9761243765572358
125	114	33645	0.7560644248567452
129	114	80662	0.9028578595135286
131	114	16063	0.7993239318981625
135	114	5023	0.5123557438307975
139	114	41582	0.7172244167432568
140	114	42468	0.738595040282604
144	114	38359	0.9136761541907082
146	114	404442	0.9997372402017937
147	114	321859	1.0
94	115	14079	0.5179982690952838
95	115	62045	0.953927959072978
117	115	20149	0.659972653121574
124	115	173479	0.9999999999896246
134	115	28840	0.6660366111205969
9	116	16046	0.774640246637569
49	116	13860	0.5594714925318092
91	116	13064	0.584498201547913
95	116	18945	0.6062365162208019
96	116	373497	0.9999999999991446
107	116	149703	0.9992196111665748
108	116	376013	0.9999999999987339
110	116	293905	0.9999991461209755
111	116	101284	0.9760440896653532
115	116	3245	0.7333436891087541
117	116	13802	0.5219382756627704
121	116	59494	0.9488267568100217
123	116	535069	0.9999999999999996
124	116	6440	0.5751492856625969
134	116	46342	0.8290968240523993
145	116	72049	0.9840980613459583
146	116	59265	0.6922127191936659
9	117	11330	0.6502401779913639
75	117	53688	0.9959615498002239
82	117	8559	0.5444034633895724
83	117	209800	0.9999999999999908
84	117	788052	1.0
92	117	16157	0.7308714973502315
93	117	46559	0.9999331147654296
94	117	33357	0.8237511898013805
95	117	999134	1.0
96	117	104869	0.9992953608767262
99	117	40724	0.7443903414744408
103	117	115681	0.9854654889796777
115	117	31109	0.9999983683530457
124	117	41840	0.9965342827430449
130	117	15075	0.9628560540050833
131	117	84415	0.9998282319187112
132	117	11905	0.6808390272437672
134	117	200602	0.9995982697094611
138	117	654932	1.0
139	117	80363	0.9138150903637402
144	117	38321	0.9134645696144539
65	118	23248	0.5574781217972943
76	118	524746	0.9999999999999999
77	118	263042	0.9999999907419876
85	118	22830	0.7772005745158446
89	118	61527	0.660470654769256
90	118	25403	0.8733036474735063
99	118	30625	0.6410196041136964
100	118	32479	0.6933630545910601
101	118	1558040	1.0
102	118	2142672	1.0
114	118	84281	0.9720470476441274
119	118	41487	0.9502306302558254
121	118	34647	0.8215128611656587
122	118	33928	0.7737528515748641
125	118	79032	0.964502615217259
139	118	93997	0.9433764541265017
140	118	786943	0.9999999999986445
141	118	205613	0.9999091461873737
142	118	178530	0.9999935450079624
146	118	73049	0.7663255575953121
76	119	455719	0.9999999999999808
80	119	15468	0.596462496176535
81	119	368471	0.9999999999949815
82	119	143504	0.9999990763833017
89	119	122814	0.8851820881520922
103	119	421589	0.9999998959686971
118	119	61971	0.8279411745541557
144	119	82183	0.9950173040012632
86	120	281032	1.0
91	120	193599	0.9999989248108355
96	120	17586	0.6960702562644322
97	120	391755	0.9999974717919519
112	120	79169	0.999931975364434
122	120	69215	0.9526843048212121
135	120	18301	0.9283812263947805
136	120	12035	0.521005712795128
137	120	13782	0.6322150330342657
74	121	14913	0.7738594628749611
77	121	54888	0.9737116256877938
78	121	16974	0.7318956873327613
85	121	38956	0.9237170431919556
87	121	55478	0.9734944910774259
89	121	56495	0.6289957338904979
90	121	414229	1.0
91	121	53249	0.9732685703862756
96	121	18488	0.7141590998984255
97	121	66375	0.8773269395343466
106	121	399533	0.9999999986513057
107	121	483147	0.9999999999791239
108	121	663875	1.0
112	121	37081	0.9877010607986373
113	121	6559	0.7003911915835581
114	121	410915	0.999999989454666
116	121	39276	0.9562364979074028
118	121	29386	0.5647420629412575
120	121	18409	0.8361866129139974
122	121	69168	0.9525849616002446
125	121	26047	0.6640926741910161
127	121	28696	0.6178967543158116
130	121	4308	0.6061436196965121
135	121	18549	0.9309208861927138
136	121	24100	0.771910793577004
137	121	33100	0.9106852597769995
146	121	177663	0.9716270535523802
147	121	19710	0.8565941995020612
77	122	142201	0.999935973308377
85	122	361311	0.9999999999960161
86	122	24162	0.9558025750190449
87	122	231851	0.9999998804977389
90	122	111729	0.9999149655252673
91	122	462360	0.9999999999999998
112	122	161272	0.999999998670443
113	122	104451	0.9999999991728057
114	122	100339	0.9860072327742743
120	122	82241	0.999750528737496
121	122	20935	0.6460680780665384
9	123	20668	0.8537093235022134
94	123	253298	0.999998990616545
96	123	332834	0.9999999999765947
110	123	467538	0.9999999998995212
116	123	343659	0.9999999999999181
133	123	162045	0.9999988780856828
134	123	492433	0.9999999980802634
145	123	16087	0.5987996704557065
75	124	60703	0.9980724197428593
92	124	12053	0.6239061241443264
94	124	113596	0.9975450299798126
95	124	292518	0.999999747858892
115	124	152309	1.0
130	124	13407	0.9462861285594508
131	124	9051	0.5944632302347481
134	124	205296	0.99966729112213
77	125	12496	0.5591481444076569
85	125	80284	0.9953177108804977
87	125	368260	0.9999999999965203
88	125	1145566	0.9999999999871907
90	125	10846	0.5842283200421836
91	125	18238	0.7071039475960107
112	125	50470	0.9975876299887549
113	125	17101	0.9579886436457777
114	125	97959	0.9844926243171412
118	125	81109	0.9005259104889046
121	125	20291	0.6345340543344223
122	125	38377	0.8140600899794463
126	125	327713	0.999999664028019
127	125	22061	0.5224192537236589
135	125	122625	0.9999999932220552
141	125	473590	0.9999999998435686
5	126	80990	0.9767308786198701
15	126	305780	0.9967990498293753
52	126	42739	0.8451706098138753
53	126	52378	0.8175570529453233
65	126	22920	0.552344289607541
74	126	253129	0.99999999999918
78	126	497312	1.0
85	126	15853	0.6467771727919799
87	126	60283	0.980744068796154
88	126	2314534	1.0
89	126	192346	0.9667795217522878
97	126	45780	0.7639390288717125
112	126	10677	0.7134494880734334
113	126	11426	0.8785214347353655
114	126	35671	0.777529676728083
121	126	29061	0.7640034095784493
122	126	24859	0.6628192269924891
125	126	403444	0.9999999847883393
127	126	445724	0.9999998566232259
135	126	10469	0.7771894212007946
137	126	13232	0.6171796128660934
139	126	35751	0.6622010167106185
65	127	20184	0.5071507748723916
77	127	41919	0.9372882188686273
80	127	14855	0.5816376580897421
85	127	32014	0.878852635106611
87	127	32438	0.878721571161214
88	127	925566	0.9999999977031369
89	127	1911254	1.0
102	127	29037	0.5910006357210646
113	127	7526	0.7494421213238542
114	127	19525	0.5598681352197052
119	127	19629	0.7562524734476219
125	127	39101	0.8062269686737759
126	127	275838	0.9999960166350842
139	127	72430	0.8900145569093295
141	127	151742	0.998886482465689
142	127	241415	0.9999999266118046
98	128	345987	0.9999585931344511
99	128	252527	0.9998332764662647
109	128	14454	0.5538796980498982
129	128	182062	0.995099332549439
140	128	109207	0.9691147648413043
146	128	112639	0.8943959093204644
75	129	7782	0.5430411782157267
83	129	12868	0.828073404951592
92	129	37571	0.9537048756274157
93	129	113682	0.9999999999858984
98	129	1223267	1.0
99	129	233381	0.9996707976982565
100	129	1942298	1.0
103	129	140389	0.9942109198795939
109	129	45193	0.9215003806446831
114	129	37448	0.7936650022629717
117	129	14480	0.5390063875230751
118	129	35401	0.6331061930021558
121	129	14681	0.5169062681322643
128	129	249424	0.9999999987045267
130	129	3487	0.5293463662810005
131	129	229162	0.9999999999863397
132	129	8638	0.56283180675127
138	129	28809	0.8530447374742114
140	129	497447	0.9999999394798101
144	129	104404	0.9988528448592131
146	129	342042	0.9990321318959
92	130	249546	0.9999999996932222
124	130	19234	0.923734003196806
131	130	61133	0.9980116696041198
132	130	31673	0.9533821487089229
146	130	86328	0.8208843747195158
75	131	38405	0.9800887821203511
92	131	357309	0.9999999999999932
93	131	134955	0.9999999999999306
117	131	22049	0.6929937269005051
129	131	210968	0.9979327744930014
130	131	60820	0.9999990647379547
132	131	87856	0.9998383282781448
138	131	45630	0.9526330050015176
146	131	68096	0.7419949957752167
75	132	163768	0.9999999792060799
92	132	341652	0.999999999999966
93	132	6687	0.7366135465397433
94	132	17880	0.6044778101158468
110	132	54016	0.914104080210243
111	132	114086	0.9851604695727576
124	132	15419	0.8724198942628192
130	132	46144	0.9999689951125874
131	132	131465	0.9999989456467223
133	132	140350	0.9999922959511706
138	132	11644	0.5378362506900061
145	132	193681	0.9999893146388215
146	132	248936	0.9933762817799486
75	133	129720	0.999998970434586
92	133	11524	0.6073523857763844
94	133	390956	0.9999999997151481
110	133	495346	0.9999999999778327
123	133	236721	0.9999994900635442
130	133	4007	0.5795495515640081
132	133	73183	0.9992692885845671
134	133	68620	0.9275054244720573
145	133	30300	0.8219286778588507
146	133	39303	0.5417533500338797
9	134	22567	0.877552500526807
43	134	22841	0.5733999839809485
75	134	55359	0.9966124510551185
83	134	8485	0.6859517607233991
94	134	1069629	1.0
95	134	953465	1.0
96	134	230101	0.999999928440326
115	134	21098	0.9998596285300854
116	134	17419	0.7481576234030581
117	134	64804	0.9698006767298585
123	134	287387	0.9999999817142654
124	134	259281	1.0
130	134	5653	0.7060005055383026
133	134	51648	0.9850139749256399
145	134	15314	0.5807393318799852
86	135	83514	0.9999865496121143
87	135	182299	0.9999956933060161
88	135	196233	0.9813351549536923
90	135	8783	0.508444662349483
97	135	226274	0.9993190873204136
112	135	9167	0.6577733981113401
125	135	138953	0.9973331045301183
137	135	41791	0.9529937328315111
9	136	10410	0.6189857273862223
30	136	25493	0.8487596365738392
62	136	14784	0.6389996935129794
74	136	48303	0.9923806007700743
78	136	26196	0.8695952271278908
79	136	190990	0.9996189963491785
90	136	12123	0.6252078747439442
91	136	22483	0.780324866255894
96	136	67271	0.9900674235330109
97	136	756005	0.9999999999953606
104	136	727235	1.0
105	136	192451	1.0
114	136	25662	0.6602764181103016
116	136	18900	0.7761616890676135
120	136	22996	0.8960616124725584
121	136	22839	0.6780972819520432
137	136	58819	0.9867599554941155
143	136	210643	0.9999999999293101
74	137	138735	0.999999506898215
78	137	26914	0.8767316771440546
79	137	38608	0.7890508344012259
86	137	5805	0.5231852984334098
90	137	28385	0.9008271057113254
91	137	20678	0.7517206749169377
97	137	1435307	1.0
120	137	37605	0.9758667521899688
121	137	49417	0.9149482938555689
135	137	65323	0.9999370032359821
136	137	86725	0.9954659207496477
75	138	20405	0.873139766310825
82	138	20545	0.8497689447048745
83	138	28480	0.9803641276787501
84	138	476833	1.0
93	138	113860	0.9999999999864987
100	138	37069	0.7407463780330104
103	138	624051	0.9999999999773259
117	138	514615	0.9999999999999486
129	138	34109	0.6251536233620967
131	138	85597	0.9998484996985827
132	138	28316	0.9352122997895186
139	138	64698	0.8605616038264623
144	138	34942	0.8924380699629701
5	139	59463	0.93612285434282
6	139	57555	0.9799591495672546
7	139	160011	0.9998891981456673
9	139	225676	0.9999999998363874
15	139	59908	0.6694957395650818
43	139	30288	0.6772285404598358
65	139	969187	1.0
70	139	7295	0.5055259740156666
75	139	9480	0.6150869023594985
76	139	83103	0.99473213300579
79	139	448028	0.999999995499682
80	139	285955	0.9999999820022469
81	139	280467	0.9999999959238864
82	139	337254	0.9999999999999997
83	139	182108	0.9999999999989128
89	139	581354	0.9999738111663927
93	139	4343	0.5788591255656491
99	139	69198	0.9023584844138749
103	139	38274	0.7498837418819049
105	139	55534	0.9999821109380516
114	139	105875	0.9889857475885695
117	139	52834	0.9419668234527295
118	139	55328	0.7919998902004353
119	139	84877	0.9979870947531182
121	139	22709	0.6760050499092625
127	139	38035	0.7210204081835789
129	139	65273	0.8479834797006758
138	139	64067	0.9864537706527625
142	139	52005	0.9656976453782309
144	139	157117	0.9999669471565338
145	139	15415	0.583144146788033
76	140	114560	0.999314366600692
77	140	54626	0.9732441977010214
99	140	1080201	1.0
100	140	429466	0.9999999312938985
101	140	1342576	1.0
114	140	30406	0.7219948893137136
118	140	608321	0.9999999887078775
128	140	91226	0.9989536568797605
129	140	326029	0.9999368973985092
146	140	43049	0.5746951966106673
77	141	129204	0.999840226153364
85	141	366441	0.9999999999973733
87	141	22090	0.761342587635322
88	141	738418	0.9999998367789978
91	141	40200	0.9343827295056459
102	141	603962	0.9999999978040114
113	141	5748	0.6519991687637305
114	141	28956	0.7044168380018379
118	141	98250	0.9392156344922618
122	141	50849	0.8929027098488411
125	141	525931	0.9999999999618869
126	141	16570	0.5109026223406763
127	141	183611	0.9981169665995873
142	141	125398	0.9997467985059434
65	142	69427	0.9135768284687389
68	142	18203	0.6186656503731394
88	142	425900	0.9998482904395953
89	142	568007	0.9999663318685424
102	142	891785	0.9999999999999478
118	142	209779	0.9976368017302024
119	142	17769	0.7211977078841918
127	142	362072	0.9999968243253106
129	142	49217	0.7578151068377936
139	142	162657	0.9933006094818121
141	142	190578	0.9998162208487928
144	142	12536	0.5488059664191391
30	143	29269	0.8859465673423319
74	143	22622	0.8958249965669781
78	143	62118	0.9924233012882264
79	143	403942	0.9999999663257304
89	143	152321	0.932076674942905
104	143	396222	0.9999999999999997
105	143	20468	0.9801813715246709
136	143	121829	0.9995207001351868
29	144	36784	0.7286275347032316
70	144	9456	0.5989252430161556
79	144	50732	0.87105891426376
80	144	107581	0.9984032380170625
81	144	138722	0.9998989005321881
82	144	465880	1.0
83	144	32458	0.9887711947079201
99	144	56284	0.8487935515764349
100	144	130771	0.9919418883141953
103	144	1222560	1.0
114	144	17229	0.5151552386674281
117	144	39477	0.880146937306557
119	144	142823	0.9999753121465947
129	144	166626	0.9922464431918215
138	144	26046	0.8231660456435375
139	144	69456	0.879498896595077
9	145	22845	0.8807027165630279
29	145	25021	0.5876347125603875
70	145	9596	0.6043326299678723
75	145	23348	0.9060937896665907
92	145	23519	0.8526628485072472
96	145	18911	0.7222697803993536
98	145	43692	0.7059707293954143
110	145	987671	1.0
111	145	1211585	1.0
114	145	42383	0.8326327127623286
116	145	69865	0.9963607073366547
123	145	47449	0.9376356799584386
125	145	23013	0.6184001746816723
129	145	59386	0.8196457065283179
130	145	18911	0.9841665718031757
131	145	11952	0.6967341013493487
132	145	134108	0.9999987949536814
133	145	62311	0.9938194239092372
134	145	25903	0.6264217119053672
138	145	12641	0.5674796326647212
139	145	30002	0.5975656734921952
144	145	14516	0.6022670231871645
146	145	479311	0.9999459038401736
9	146	25636	0.9081932687884862
75	146	7001	0.5055597417198799
92	146	301222	0.9999999999979997
94	146	20004	0.6459007980233529
95	146	16165	0.5483387895912342
96	146	29713	0.8671066448221096
97	146	22822	0.5121484244633954
98	146	1580515	1.0
99	146	185979	0.9982525785095431
100	146	19420	0.5061925048019057
107	146	1072607	1.0
108	146	14642	0.6200000273316786
109	146	163003	0.9999239008106008
110	146	42661	0.8555230838712667
111	146	1885225	1.0
114	146	261458	0.9999888824393277
115	146	3581	0.7676494875732973
116	146	62110	0.9931341749106385
117	146	17388	0.6056089656332545
118	146	86579	0.9149791460140719
121	146	227681	0.9999920505327224
123	146	13596	0.5456559820755563
124	146	11335	0.7791920311309292
125	146	81507	0.9680701965764037
128	146	144629	0.9999861523257477
129	146	298051	0.9998514134466086
130	146	96430	0.9999999998785996
131	146	15934	0.7967028194188995
132	146	193274	0.9999999983815248
133	146	55930	0.9894911409508177
134	146	46635	0.8310076410533542
137	146	10051	0.5174638126548843
140	146	39356	0.711457694617015
141	146	30744	0.7402961165549999
144	146	29661	0.8489909585252328
145	146	193182	0.9999889801357175
147	146	28411	0.93987417993684
106	147	245032	0.9999901952822104
107	147	219404	0.9999755859487341
109	147	86692	0.992823311495618
114	147	168209	0.9992769374432134
121	147	26388	0.7303117707096107
146	147	100373	0.8648683894425477
